watchers,repos
1,1022
2,176
3,115
4,560
5,4602
6,3319
7,2555
8,1895
9,1160
10,1045
11,976
12,647
13,614
14,639
15,517
16,518
17,432
18,427
19,349
20,340
21,305
22,286
23,242
24,237
25,229
26,218
27,168
28,167
29,151
30,150
31,154
32,123
33,99
34,105
35,113
36,93
37,81
38,101
39,71
40,84
41,88
42,71
43,73
44,78
45,57
46,83
47,65
48,66
49,42
50,52
51,47
52,48
53,49
54,53
55,35
56,55
57,43
58,47
59,49
60,42
61,42
62,50
63,39
64,33
65,32
66,39
67,31
68,32
69,30
70,18
71,28
72,30
73,36
74,28
75,24
76,31
77,20
78,25
79,25
80,19
81,27
82,23
83,25
84,16
85,20
86,18
87,24
88,26
89,19
90,19
91,21
92,15
93,16
94,22
95,11
96,17
97,11
98,22
99,15
100,5
101,4
102,19
103,15
104,17
105,12
106,17
107,11
108,10
109,17
110,9
111,9
112,13
113,14
114,12
115,10
116,11
117,12
118,11
119,14
120,12
121,9
122,6
123,2
124,1
126,1
128,4
129,8
130,8
131,8
132,10
133,9
134,4
135,13
136,7
137,10
138,9
139,10
140,7
141,4
142,3
143,1
153,2
154,5
155,1
156,10
157,8
158,3
159,2
160,7
161,5
162,6
163,11
164,7
165,3
166,4
167,5
168,4
169,6
170,2
171,4
172,8
173,6
174,8
175,6
176,5
177,3
178,4
179,2
180,4
181,3
182,6
183,2
184,8
185,3
186,5
187,5
188,6
189,3
190,2
191,7
192,7
193,8
195,3
196,6
197,6
198,3
199,3
200,4
201,4
202,1
205,1
206,1
207,3
208,2
209,2
210,3
211,3
212,3
213,5
214,5
215,4
216,7
217,6
218,1
219,2
220,6
221,2
222,1
223,2
224,3
225,4
226,3
227,5
228,1
229,6
230,5
232,3
233,2
234,4
235,6
236,3
237,2
238,1
239,2
240,3
241,2
242,5
243,1
244,7
245,2
246,3
247,7
248,3
249,4
250,2
251,3
252,2
253,2
254,1
255,2
256,4
257,4
258,2
259,3
260,2
261,2
262,2
264,1
265,1
267,3
268,7
270,3
271,2
272,2
273,7
274,1
275,4
276,3
277,2
278,1
279,3
280,3
281,3
282,1
283,2
284,4
285,3
286,1
287,3
288,1
290,5
292,1
293,1
294,2
295,1
296,1
297,1
298,5
299,3
300,1
301,1
302,3
303,2
304,4
305,1
306,1
307,1
308,1
309,2
310,2
311,1
313,2
314,2
315,1
316,1
317,1
319,4
323,3
324,4
326,2
327,2
330,1
331,2
332,2
333,3
334,1
335,1
336,2
337,3
338,2
339,2
340,1
342,4
343,1
344,3
345,1
346,2
347,1
351,1
352,3
353,1
354,2
355,3
357,2
358,1
359,4
360,1
361,2
363,3
364,2
366,1
368,1
369,2
370,4
371,3
372,4
376,1
380,1
383,2
387,4
388,1
391,1
393,1
394,1
395,2
396,2
398,1
399,1
401,2
402,1
405,2
406,2
409,1
415,2
418,1
419,1
420,2
421,2
422,2
424,1
429,1
436,1
437,1
439,2
440,1
442,1
444,1
445,1
446,3
447,1
448,1
449,1
450,1
452,1
453,2
454,1
456,1
457,2
459,1
460,1
461,2
462,1
464,1
466,1
470,1
473,1
475,1
476,1
477,1
478,1
479,1
481,1
482,1
483,1
484,1
486,3
487,1
489,1
491,3
492,2
493,1
494,1
496,2
497,1
502,1
506,1
511,1
513,1
514,1
516,1
519,1
523,1
525,1
528,1
529,1
530,1
535,2
537,1
539,1
540,2
541,1
550,1
552,1
556,1
559,1
560,1
565,1
570,1
571,1
572,1
574,1
578,1
580,1
581,1
590,1
592,1
593,1
595,1
596,2
597,1
599,1
600,1
605,1
613,3
614,1
615,1
618,1
621,1
629,1
630,1
632,1
634,1
635,1
636,1
637,1
640,1
641,1
643,1
648,1
655,1
671,1
677,1
679,1
681,1
682,1
689,1
690,1
705,1
713,2
714,1
716,1
719,1
725,1
726,1
758,1
761,1
762,1
765,1
766,1
775,1
777,1
789,1
803,1
818,1
824,1
833,1
839,1
841,2
843,1
845,1
852,1
864,1
867,1
872,1
892,1
897,1
902,1
911,1
918,1
928,1
932,1
942,1
945,1
948,1
961,1
971,1
973,1
978,1
992,1
995,1
1000,1
1001,1
1025,1
1031,1
1040,1
1052,1
1065,1
1086,1
1096,1
1111,1
1135,1
1143,1
1153,1
1163,1
1177,2
1182,2
1249,1
1283,1
1311,1
1336,1
1355,1
1369,1
1375,1
1414,1
1537,1
1637,1
1678,1
1731,1
1739,1
2056,1
2190,1
2233,1
2235,1
2356,1
2411,1
2541,1
2678,1
2783,1
2843,1
3271,1
5893,1